{
    "adaptive_bed_mesh_margin": "0",
    "auxiliary_fan": "0",
    "bbl_use_printhost": "0",
    "bed_custom_model": "D:\\\\3D Prints\\\\SIBOOR-Voron-Trident-June\\\\Configure\\\\OrcaSlicer\\\\300 Model\\\\Trident_JUNE_300_Printer_Bed_Model.stl",
    "bed_custom_texture": "D:\\\\3D Prints\\\\SIBOOR-Voron-Trident-June\\\\Configure\\\\OrcaSlicer\\\\300 Model\\\\Trident_JUNE_300_Printer_Bed_Texture.svg",
    "bed_exclude_area": [
        "0x0",
        "0x50",
        "20x50",
        "20x0",
        "280x0",
        "280x50",
        "300x50",
        "300x0"
    ],
    "bed_mesh_max": "99999,99999",
    "bed_mesh_min": "-99999,-99999",
    "bed_mesh_probe_distance": "50,50",
    "before_layer_change_gcode": ";BEFORE_LAYER_CHANGE\n;[layer_z]\nG92 E0\n",
    "best_object_pos": "0.5,0.5",
    "change_extrusion_role_gcode": "",
    "change_filament_gcode": "",
    "cooling_tube_length": "5",
    "cooling_tube_retraction": "91.5",
    "default_filament_profile": [
        "Voron Generic ABS"
    ],
    "default_print_profile": "0.20mm Standard @Voron",
    "deretraction_speed": [
        "30"
    ],
    "disable_m73": "0",
    "emit_machine_limits_to_gcode": "1",
    "enable_filament_ramming": "1",
    "enable_long_retraction_when_cut": "0",
    "extra_loading_move": "-2",
    "extruder_clearance_height_to_lid": "140",
    "extruder_clearance_height_to_rod": "36",
    "extruder_clearance_radius": "65",
    "extruder_colour": [
        "#FCE94F"
    ],
    "extruder_offset": [
        "0x0"
    ],
    "fan_kickstart": "1",
    "fan_speedup_overhangs": "1",
    "fan_speedup_time": "0.5",
    "from": "User",
    "gcode_flavor": "klipper",
    "head_wrap_detect_zone": [],
    "high_current_on_filament_swap": "0",
    "host_type": "octoprint",
    "inherits": "Voron Trident 300 0.4 nozzle",
    "is_custom_defined": "0",
    "layer_change_gcode": ";AFTER_LAYER_CHANGE\n;[layer_z]",
    "long_retractions_when_cut": [
        "0"
    ],
    "machine_end_gcode": "_PRINT_END",
    "machine_load_filament_time": "0",
    "machine_max_acceleration_e": [
        "5000",
        "5000"
    ],
    "machine_max_acceleration_extruding": [
        "20000",
        "20000"
    ],
    "machine_max_acceleration_retracting": [
        "5000",
        "5000"
    ],
    "machine_max_acceleration_travel": [
        "20000",
        "20000"
    ],
    "machine_max_acceleration_x": [
        "18000",
        "20000"
    ],
    "machine_max_acceleration_y": [
        "16000",
        "20000"
    ],
    "machine_max_acceleration_z": [
        "500",
        "200"
    ],
    "machine_max_jerk_e": [
        "2.5",
        "2.5"
    ],
    "machine_max_jerk_x": [
        "5",
        "12"
    ],
    "machine_max_jerk_y": [
        "5",
        "12"
    ],
    "machine_max_jerk_z": [
        "0.2",
        "0.4"
    ],
    "machine_max_speed_e": [
        "25",
        "25"
    ],
    "machine_max_speed_x": [
        "700",
        "200"
    ],
    "machine_max_speed_y": [
        "600",
        "200"
    ],
    "machine_max_speed_z": [
        "12",
        "12"
    ],
    "machine_min_extruding_rate": [
        "0",
        "0"
    ],
    "machine_min_travel_rate": [
        "0",
        "0"
    ],
    "machine_pause_gcode": "PAUSE",
    "machine_start_gcode": "_PRINT_START EXTRUDER_TEMP=[nozzle_temperature_initial_layer] BED_TEMP=[bed_temperature_initial_layer_single] Chamber=[chamber_temperature] PRINT_MIN={first_layer_print_min[0]},{first_layer_print_min[1]} PRINT_MAX={first_layer_print_max[0]},{first_layer_print_max[1]}",
    "machine_unload_filament_time": "0",
    "manual_filament_change": "0",
    "max_layer_height": [
        "0.32"
    ],
    "min_layer_height": [
        "0.08"
    ],
    "name": "Siboor Voron Trident 300 - 0.4 nozzle",
    "nozzle_diameter": [
        "0.4"
    ],
    "nozzle_height": "4",
    "nozzle_hrc": "0",
    "nozzle_type": "brass",
    "nozzle_volume": "0",
    "parking_pos_retraction": "92",
    "preferred_orientation": "0",
    "printable_area": [
        "280x49",
        "280.076x49.3827",
        "280.293x49.7071",
        "280.617x49.9239",
        "281x50",
        "300x50",
        "300x300",
        "0x300",
        "0x50",
        "19x50",
        "19.3827x49.9239",
        "19.7071x49.7071",
        "19.9239x49.3827",
        "20x49",
        "20x0",
        "280x0"
    ],
    "printable_height": "240",
    "printer_model": "Voron Trident 300",
    "printer_notes": "",
    "printer_settings_id": "Siboor Voron Trident 300 - 0.4 nozzle",
    "printer_structure": "undefine",
    "printer_technology": "FFF",
    "printer_variant": "0.4",
    "printhost_authorization_type": "key",
    "printhost_ssl_ignore_revoke": "0",
    "printing_by_object_gcode": "",
    "purge_in_prime_tower": "1",
    "retract_before_wipe": [
        "70%"
    ],
    "retract_length_toolchange": [
        "2"
    ],
    "retract_lift_above": [
        "0"
    ],
    "retract_lift_below": [
        "0"
    ],
    "retract_lift_enforce": [
        "All Surfaces"
    ],
    "retract_restart_extra": [
        "0"
    ],
    "retract_restart_extra_toolchange": [
        "0"
    ],
    "retract_when_changing_layer": [
        "0"
    ],
    "retraction_distances_when_cut": [
        "18"
    ],
    "retraction_length": [
        "0.5"
    ],
    "retraction_minimum_travel": [
        "1"
    ],
    "retraction_speed": [
        "30"
    ],
    "scan_first_layer": "0",
    "silent_mode": "0",
    "single_extruder_multi_material": "1",
    "support_air_filtration": "1",
    "support_chamber_temp_control": "1",
    "support_multi_bed_types": "0",
    "template_custom_gcode": "",
    "thumbnails": "48x48/PNG, 300x300/PNG",
    "thumbnails_format": "PNG",
    "time_cost": "0",
    "time_lapse_gcode": "",
    "upward_compatible_machine": [],
    "use_firmware_retraction": "1",
    "use_relative_e_distances": "1",
    "version": "2.1.1.0",
    "wipe": [
        "0"
    ],
    "wipe_distance": [
        "1"
    ],
    "z_hop": [
        "0.4"
    ],
    "z_hop_types": [
        "Normal Lift"
    ],
    "z_offset": "0"
}
